rms,spectral_centroid,spectral_bandwidth,spectral_flatness,crest_factor,hf_energy_ratio,peak_prominence,window_id,label
42.63950414474936,76.01993191500362,38.453518925013476,0.04314037627668637,1.7675354909575962,0.056716987034662235,8.969279540563086,2,plsh
47.06174594260193,77.74803781251478,51.989184021162934,0.03918869482107039,1.548439903008288,0.09247899809131839,16.00751394946938,3,plsh
41.55917692327082,91.65620254323683,52.92564988399872,0.04192492929873538,1.8837547418345333,0.1417783090091828,21.750871751528276,4,plsh
28.042544202597718,78.80621546697482,60.495459268779435,0.08346402294016345,1.5953997334599577,0.08234621626528073,8.623967787164878,5,plsh
33.248669204907955,78.66374917366572,44.682919724032274,0.053577406204029336,1.7648847639168206,0.08159511425248907,10.780970256766318,6,plsh
26.922305647470445,96.91589210949846,66.46986922904152,0.08500025236409818,1.5072214333360612,0.15810433511727476,7.484104216545408,7,plsh
27.526920085512025,94.03346638732903,57.7838216928904,0.0441309524662287,1.6137404050710644,0.11602646662861078,6.767475060696597,8,plsh
29.47128036077716,106.3794721111849,63.09147370299529,0.04976120264438132,1.6089877824520453,0.14552171800526695,6.6862646100669005,9,plsh
30.206696343266078,118.26367772907734,65.38779972977494,0.06621207736283292,1.519292000652901,0.19543367917674162,9.077868968541313,10,plsh
30.995598572269476,120.26824802666486,65.57230442773798,0.03949801182171999,1.5250074552181558,0.19039943481450505,8.933105994607,11,plsh
31.173249493539533,116.42992484272872,53.9906760058175,0.051481839458905936,1.56693804787735,0.16633176946430905,8.787825387898394,12,plsh
31.182886088365095,121.63091987321539,65.60325217320873,0.04646476273696912,1.5524378501185865,0.16795617722750486,10.317266116973071,13,plsh
30.70757506962035,119.59052170531233,66.30527485927057,0.045642474860994944,1.6562630830722385,0.16123990078604378,10.157835405966983,14,plsh
30.98718382426041,117.98155107141115,62.93262591185136,0.04799655018116826,1.5857640301858946,0.14445368482610046,11.253430396147506,15,plsh
30.41792851603362,119.53712444199795,67.04931464330328,0.04947350985988531,1.6813007075345747,0.1647286758563524,10.292708168075347,16,plsh
29.756824082345805,120.6678596837244,70.66622894411526,0.06428070118199526,1.583315056807226,0.19603065614831178,8.516022984224389,17,plsh
29.542204831846078,121.27776802592957,69.44075090826702,0.05806184926612524,1.6472149872836968,0.21104440021292215,8.142180389027333,18,plsh
29.579021709237463,119.8504182842581,69.06214710976518,0.04366477870904748,1.47532398590234,0.20717041598480143,7.87104490133131,19,plsh
30.263350514479562,124.98153805152245,71.9343577307754,0.053202922611727745,1.5105596626377176,0.22727670189610988,8.619830440059564,20,plsh
30.49017484703645,129.03883543839052,73.15797439133851,0.030781693964251622,1.5680222270043342,0.23558265527960115,8.870933060288491,21,plsh
30.77132602206194,125.31919120110854,68.12420420312004,0.056548038544602705,1.5580973203374286,0.2158225439680315,9.998384290524399,22,plsh
31.60703375150882,133.9262550189486,74.08018566825487,0.040060911234184746,1.4547005009016116,0.24618413954584256,10.727303121876126,23,plsh
32.051839193363385,133.70766796142811,69.67280282265982,0.04248363997470913,1.4470233396327887,0.2362195049674119,11.748506310899046,24,plsh
32.60071521376633,134.4065774621681,67.07076017076064,0.03708659617976221,1.4783307708262288,0.2740114057200721,12.163209381783036,25,plsh
32.891938901444014,134.45245534458124,66.29810868822392,0.030135404350952882,1.493019701963834,0.27048058747245557,13.57603424562304,26,plsh
33.31070199124161,126.17731670409721,54.74538689978309,0.03797020582529808,1.4943081524518878,0.24873427155828964,12.929154661564851,27,plsh
33.57172573406165,133.8162677951129,64.32053845981909,0.03501364856589705,1.5054705496056526,0.2791813320730365,14.647272883888746,28,plsh
33.74204857010006,126.52208911079767,55.02854139433851,0.037479422266775704,1.4274026030439069,0.22973596783972067,14.81551199177334,29,plsh
34.01807320043267,124.76310377456197,56.39344753626025,0.03872334221524976,1.428722955068275,0.1926472068774789,14.25194027021441,30,plsh
33.131456459055286,129.19488254543933,64.79248563615562,0.03951730608247785,1.5509583698977905,0.22651792586587124,14.406845793235851,31,plsh
33.14930154181221,130.4600338773254,63.266093975747125,0.019621258560268473,1.414981973161434,0.25985921269334056,13.705122849988863,32,plsh
33.88541519443099,130.20630660708076,61.57170832152568,0.037326556456897766,1.462544203519583,0.2553757685748808,15.013881970820401,33,plsh
33.819726046007595,126.39689269975685,61.85883704759431,0.02921028235055817,1.4443757765553622,0.24878026586328236,13.562723656355972,34,plsh
35.602097386764555,97.24386904038327,41.24696185097728,0.04405882691832518,2.1682261560922638,0.050877333485321266,13.878797308580316,35,plsh
37.41132866025391,94.21156336260984,48.80948834463531,0.03548612629539243,1.8501883230884681,0.11109968127804944,17.234132839279116,36,plsh
34.12528412683905,67.69804078879463,40.60242552655011,0.019294423275347694,1.4981339559691618,0.04834380674242585,10.772792702088674,37,plsh
36.68608703403593,67.07382525267093,38.00532574976878,0.010787438456100779,1.5857884734788532,0.07089005886995897,15.30610338280953,38,plsh
38.63385337808792,58.05124337969315,26.468660248589135,0.005452761251835402,1.6046392298449192,0.005552744498919238,21.463858816101563,39,plsh
36.377418001646646,50.03030325421631,20.600467461154974,0.004009059671522139,1.7071223770348531,0.0036002056128292556,16.934756798518407,40,plsh
10.543587394641369,76.7185455495618,33.285293414404855,0.07119070875341472,1.5778219912483098,0.03305019800105082,0.18813564085589632,0,drill
10.574379894893141,70.10720576189213,41.52077613265888,0.05314209421871385,1.6813330061454839,0.02366901537168784,0.2345070236969937,1,drill
10.477922901078914,75.70248537266006,43.83288810797887,0.08393393248781876,1.7199130541224534,0.042261117644453866,0.45740223736829666,2,drill
11.57169597696797,70.56114585187575,28.75719829111636,0.048943958024271414,1.7599561740601601,0.017122180451451804,0.34126793116843496,3,drill
11.65409693514075,75.61045032548219,40.36352383110878,0.09762852199345484,1.946428243140463,0.045252317154613156,0.3143391496489444,4,drill
11.869716994021593,67.35927980343811,29.2604135553863,0.05350754198313258,1.869241194439592,0.013299781364595458,0.8966468961705625,5,drill
11.770228722160278,65.81623898159803,31.31509015422899,0.047376591489486475,2.19385676108319,0.017428191932479853,0.900825343401075,6,drill
11.294929041933717,69.06745892673288,29.732472381176155,0.04823551946162449,2.002755201812289,0.014575386538561464,0.3483207695170552,7,drill
11.176879078528964,68.78933672367056,28.78531895578678,0.043780420071793405,1.9557083820089631,0.011869248613162965,0.6138972797183694,8,drill
11.290718353685087,66.86639395802611,26.36667141132399,0.03427284418201482,2.0634499128940775,0.010290534009330686,0.6071821024494031,9,drill
11.276954428597294,69.1269472404049,33.49587771795682,0.05565544889307439,2.0585268077963033,0.0259496694516966,0.5221449640792992,10,drill
11.728914491552942,76.02588644428278,34.92883485790944,0.08240787016203314,2.0778564214672137,0.030077904880616953,1.0038620868618295,11,drill
12.547929684732843,82.3890735726302,45.429795961487926,0.13160418856887532,1.9154908187750352,0.06572861561858868,0.633877024962946,12,drill
12.045583965875803,74.26752300185501,34.51844023577259,0.06746256047114219,1.9937621431053782,0.022807848176551446,0.6731404601311163,13,drill
12.6214415273712,73.74854105675966,35.183899359880165,0.07800515617734011,2.116552808559186,0.0275104461057472,1.0650997718991617,14,drill
12.443711101857826,73.4337413859769,34.841810848559604,0.07480516631831673,2.0158840752424343,0.02680442056945635,1.0771454059188288,15,drill
12.194556999993642,70.97405760945152,32.25990901372233,0.0675773135620151,2.1120402039530237,0.023140552019404993,0.6201134711617886,16,drill
12.317258263580111,72.39045162681347,36.22915546563489,0.07473582315955667,2.0141643894997365,0.028332122732137508,0.8833842567386478,17,drill
12.248174840671906,70.8409856331273,31.799081602070792,0.06254158225705403,2.1043244183719554,0.032406757404735094,0.9443248994890715,18,drill
12.30121727715212,72.8753071023409,34.966456574105955,0.07652876296741276,1.9673831707364695,0.030960538806246482,1.2622746284760566,19,drill
12.330604518251485,72.49148071300432,33.79503425660572,0.07778102357242928,2.033153790894831,0.030678018923701634,1.0717512393373967,20,drill
12.081224608910672,72.12127993079679,28.719414770524516,0.053287478393543225,1.9260787355234228,0.01925600819283931,1.6598895409244963,21,drill
11.507372535402167,64.43110700074146,27.819319060046297,0.04236445223043958,1.7814214282984413,0.01884606292571523,0.9407923564225892,22,drill
11.292608785116188,68.70723089319348,25.105006684728675,0.03721120803412154,1.6987645676111984,0.00898622321236847,0.41457662345679336,23,drill
11.919648803030448,68.20980114774478,27.314903897868614,0.04513572161044129,1.9213525827519242,0.012824222384462621,1.079047947714217,24,drill
11.802855120274065,69.57071482618841,35.10069282798041,0.06201189127887976,1.9495309719561629,0.02063185621985425,0.655137075200926,25,drill
12.14653013722891,72.00006466320242,31.14109858088524,0.05227004998725691,2.1688799047275307,0.014296383966999436,0.7575496011030196,26,drill
11.713312315846368,67.35390759521805,31.866108070822044,0.05150822802802538,1.8531242431996684,0.02182983570286972,0.8699163972939354,27,drill
12.047336081836834,71.89343032462592,28.66747826278602,0.05259296667163373,1.7730712898791334,0.02080382632962878,0.846438829841654,28,drill
11.744451106862247,69.57086746242695,28.980887620604147,0.05200950281799116,1.7331633129518431,0.019740367430881988,0.6723697843891695,29,drill
11.753268690153464,75.26924645057774,33.18144048955098,0.07280497985832815,1.9818893409159346,0.023448042007857,0.9133590267903097,30,drill
11.95376987914266,73.74381292399545,33.22488503670418,0.06479523632555582,1.841866838268226,0.024495244071329688,0.5244680718652575,31,drill
12.991012938688971,78.75506878168329,40.68551355351061,0.10903558776695346,2.110821788579222,0.05887316843492299,0.6521608550492909,32,drill
12.089208058281386,74.60793457790402,33.3834045981242,0.07018726267363654,2.193636815819205,0.03030697529895419,0.8375330281489773,33,drill
12.11445652899089,73.12542575371339,33.28201269260004,0.07085912123837373,2.106124748353514,0.02468619625196367,1.2022588327276125,34,drill
12.352592922027823,74.87487634888831,36.77807899109241,0.08906462931219013,2.089855294283155,0.033524618801642266,0.5470923926434758,35,drill
11.548183157293035,74.75170759508451,31.70972914123668,0.06296401848502706,1.7692920786415713,0.025555561513315395,0.3958080138412219,36,drill
12.09362404913643,70.1650744897929,31.579881143039007,0.05809765033308023,1.923570097768461,0.022070984524985016,0.5076062833259063,37,drill
12.276582522358984,73.2044207196225,33.59689613389834,0.07421183348312822,1.9627219476092623,0.030900002608902997,0.7721002854194917,38,drill
12.001342619448385,71.25681595041948,31.453102081800356,0.060636745347022236,1.805421439425356,0.02422734655867977,0.5232880301290656,39,drill
11.937374940642659,74.6727567585948,31.965100686125535,0.06421654591168696,2.043931396250419,0.02039914397697982,0.8486139407544147,40,drill
12.409629077104286,66.50966372539376,29.73022809450713,0.05038573312783381,1.841802232546653,0.01880498007655634,1.050563525236423,41,drill
11.910644219195278,72.87225613874924,33.334450762149025,0.06924640079006952,1.8390948713458617,0.03069523976182063,0.5606487471401168,42,drill
12.010268519672255,72.9038795038527,27.02120530302257,0.048034955463897654,1.9266626680086767,0.021471943095456938,1.259272392753323,43,drill
11.980905149644865,72.05571282805452,29.5779137623653,0.053180751568797334,1.963766689848434,0.021920519640185623,0.8280889509182362,44,drill
11.55165634762813,72.04087616155782,32.272226617934884,0.06204891888453018,1.972572913191861,0.020152889944378676,0.7752254724807658,45,drill
11.897271804979358,69.26667721002505,30.323050553726606,0.05849135436816085,1.9013213270072356,0.019974833111820335,0.8765595080303518,46,drill
12.269938390088276,74.30022999458056,33.30097138137796,0.07255718054992716,2.091191743829701,0.03568304495015513,1.0125969456210149,47,drill
12.434070236629067,71.81554446877135,34.01851256545804,0.07696904794441015,1.8639719994672683,0.02260439731329792,0.7265676474025388,48,drill
12.039082654977472,70.89116977078822,27.835151766680667,0.04578809851327545,1.7274164108639243,0.01672729433293477,1.1235163291489765,49,drill
11.861632905751796,72.37119839063064,29.019549421107243,0.05047686991605849,2.1296565164935055,0.016124301973890098,0.8676012625625925,50,drill
12.366420170142748,75.85207457304476,29.44680698296866,0.05375297791395094,2.21252676308666,0.016710956682176467,1.6118165935931739,51,drill
11.525107449659266,75.23204252332816,33.33961255793727,0.06701281312158311,2.2217499964160385,0.028362819461198254,1.4983502585799886,52,drill
11.477844882256564,74.68844387336463,36.91929481505057,0.07958183014978866,2.2660604202594867,0.02790151375030299,1.150472485380858,53,drill
11.76958446794431,69.23755835401539,35.39448669076945,0.08071417327191709,1.8530437248683205,0.02795982496730202,0.3890775760723106,54,drill
11.800190494428282,69.91909875617853,34.2301222307607,0.07235786837511335,2.1102472455254975,0.02141481868731078,0.8305833852818636,55,drill
11.571627365809162,70.90224255811067,32.14533624339757,0.060815016921961035,1.8585477534259465,0.0185944298246696,0.7746020518321625,56,drill
12.09831396528079,74.31914885040118,30.57856662895356,0.05569958034863049,1.9713901421381768,0.02340372795472165,1.0665694001918267,57,drill
11.866576696416407,75.70845865989992,49.17614573498591,0.11384045784963785,2.251206760638169,0.061545254357890156,0.680891607984434,58,drill
11.309753094255909,76.60606082387295,43.616681969436385,0.0932205041934444,1.7404480855374551,0.0463472513730085,0.2408216246044699,59,drill
11.060458726676279,63.58557228617205,37.825352574666034,0.08180191250444593,1.5687725692415129,0.03419207433481699,0.1709688507425486,60,drill
11.268421043415108,67.52416495152137,38.965731051795,0.08493750916538732,1.5361737092059775,0.03986545623599546,0.1940977215131863,61,drill
11.680565427450015,76.43367244135341,45.124846639154015,0.10607069026292189,2.074909127902086,0.06497712073063822,0.2609773594389765,62,drill
11.283178306898389,68.90651940075757,43.615307529892135,0.09003921884732626,1.5297038316088478,0.050206593565088685,0.13048176979349574,63,drill
11.096005097327156,93.27610823453584,51.067289503443156,0.15995055067179392,1.4008638639648738,0.11532329725913372,0.06574434760888359,64,drill
12.299182016370107,70.63363118813197,47.531623077905756,0.09879909493146918,1.9508086659320953,0.06825443253369266,0.7703091367810324,65,drill
11.109068733067762,72.98557830616079,45.14230612641079,0.10782673830170103,2.5108118626170786,0.06400967534843027,0.5890356521101705,66,drill
12.541564860204984,65.38158377880971,33.80100904323894,0.05110275263286854,1.741024953376713,0.019722678012520988,0.3913127906640892,67,drill
10.903097940846278,71.59228716611483,36.941138590292255,0.08508247649715024,1.989148518532308,0.04387628609820128,0.5168716828850168,68,drill
11.93032685121253,62.62109400053582,30.864750698442183,0.050778246935298615,1.7895290886593156,0.021180558782934348,0.5124623871145005,69,drill
11.471468502285884,70.7198714261888,34.51889889435477,0.07523230238502153,1.7458866151711425,0.040856067475536675,0.6182496044750642,70,drill
11.12668197167779,66.01625461501676,33.29959047345431,0.0592993317890661,1.7205985462036222,0.020932550530386018,0.19641757209491117,71,drill
11.696116104379294,67.64492240151945,31.302937767262517,0.057420544716748775,1.7993275597448573,0.027634831070235327,0.41917290998954043,72,drill
12.008124280158848,71.50896930540742,39.81460812614005,0.08308832975773006,1.9132020391599909,0.038161635716788565,0.26716558339254665,73,drill
11.303756372768781,66.32556569627891,29.370831118174245,0.04968795812141827,1.8589900219687006,0.01783200739467924,0.4472262312643922,74,drill
11.879322088948015,64.70451372678822,29.769758123366174,0.04309127916511977,1.6500217570154263,0.024564656848490816,0.46603369664090427,75,drill
11.037226489679739,75.12499744402687,37.25163237914529,0.08217756393773681,1.8045673577293342,0.045892769042483864,0.2781715139711319,76,drill
11.308440086142427,68.19944458237222,40.52275022154454,0.0971348280848785,1.5387817078855512,0.03246766966292781,0.1496703856460794,77,drill
11.314873435439349,68.21275414214033,31.637647872256014,0.06104123227118472,1.8363338151937858,0.018603496743786314,0.19238764045975018,78,drill
11.23057857682572,64.79588532479663,36.1355841999103,0.07115569878521112,1.693024887517128,0.03233682058604939,0.4852484297901282,79,drill
11.304166660168933,68.58998639146397,31.15467499129,0.057685074256329336,1.5927237960746767,0.02692506052132015,0.19727938649795976,80,drill
11.582412738877615,72.64800048973323,37.671502792798414,0.08331439252538884,1.7611436615617986,0.03153819557136721,0.39705137370380356,81,drill
11.447059028429019,67.69175489982585,30.541307375014377,0.047505178870757024,1.6579008057730376,0.01748992620638626,0.47858726618378195,82,drill
11.793349692936596,67.59972778028545,39.92474817386586,0.07460432599565911,1.9630979685568308,0.03175119634856465,0.42268405751326465,83,drill
10.061608347066011,92.10696691288263,103.62351444663813,0.06146690473243739,1.2666169926221325,0.16740512740370225,0.03804522595526733,4,pmf
10.063470969568957,90.23340187656501,36.611182639577414,0.007438054052953792,1.2668562967379706,0.021133942162242937,0.2838999608422055,5,pmf
10.151096606115004,84.06123835952158,47.098861909565834,0.017828197124809715,1.2179175476815907,0.034664928837330175,0.09494441376232278,6,pmf
10.76604924152514,94.74805504715586,45.62316769497136,0.008698412037483793,1.352875051474542,0.05012258047384684,0.388468286330023,7,pmf
11.123956637324104,105.4340292069928,41.492582835680246,0.011124687193510794,1.4219130082254536,0.08247652714206978,0.8447752364514609,8,pmf
11.126302709427494,102.2134157774414,32.14684348050844,0.008864093738616614,1.3178380688873101,0.0556918880671688,0.4745431964083848,9,pmf
11.135071745034713,103.03754877027576,35.855913629678184,0.01272959115625364,1.4390418486098073,0.06633689880600747,0.9957066281529475,10,pmf
10.814455479529448,102.75661138101316,33.70721804914412,0.009697889222965234,1.2821671591041959,0.05237500412339534,0.4136828668781965,11,pmf
10.459581736394666,103.58758353462834,39.77255692253516,0.014385906965754742,1.3545971548118327,0.06894890325921028,0.4262666962429331,12,pmf
10.64224412680857,89.8174207686767,50.56611675788511,0.008946367402861595,1.321695716277496,0.05629181031422898,0.26167799485520565,13,pmf
10.690981047217289,88.01035362167504,53.8051526841594,0.024242214837498006,1.4163954845527593,0.05709871297229062,0.39252563001012103,14,pmf
10.8021077299448,104.75939401532966,35.246143307672554,0.00934947985547696,1.4367764961246203,0.07765386777575937,0.5791185862392277,15,pmf
10.804710544095837,104.09600016799062,38.84301514054661,0.011765880583751534,1.3471899657578212,0.055280976893208766,0.566959441220686,16,pmf
10.873779845250736,100.51874355976035,27.579505166803663,0.00584447151178538,1.27042239576883,0.03329955830603715,0.6585979879259298,17,pmf
10.9981554323707,103.00974744834231,34.76563533083498,0.008130663171252269,1.370314313791213,0.059492559456850155,0.8369944899288531,18,pmf
10.824942992866747,101.83826051888902,31.57416231878388,0.006539645300521369,1.3012344020802276,0.042379974538828864,0.6906264522642943,19,pmf
10.818652764433521,101.86291269115014,35.55849152187203,0.009518317870677702,1.327837927053963,0.055441743754177986,0.6888953419829154,20,pmf
10.72654605809532,100.93516770831936,30.146930991880215,0.0055600658560661514,1.3036679159560818,0.03714163771097043,0.6662761137996054,21,pmf
10.754828711178982,102.88261400370563,34.24937450205924,0.005700650724510195,1.3776652230914732,0.04565334940931328,0.6727268683789451,22,pmf
10.65852617362949,100.93894247720688,29.194995686666974,0.004463629201653753,1.3189951557623032,0.034261354470955505,0.6447852926421078,23,pmf
10.746425469124143,105.29227144736414,40.24600219177398,0.00612003168471854,1.2978290011274578,0.06388039397758184,0.722312995861119,24,pmf
10.592364042427196,101.78898508185081,31.75453872554542,0.004457814811746348,1.299692659763689,0.037025211745398405,0.5712244574648917,25,pmf
10.64455412292501,106.36179250085031,42.29898572993163,0.005915163663665852,1.341440118273859,0.06753574005990215,0.6544333525383605,26,pmf
10.464540925727253,101.60366644980168,36.52291325727217,0.005351457222164079,1.275200946314394,0.039823249413122035,0.42717124174393767,27,pmf
10.632753412299895,105.44054146744705,40.996091073798006,0.005236762353840878,1.3651101394164726,0.057068783332965875,0.6828946439080983,28,pmf
10.512268558926356,101.94611113757887,32.60171155984995,0.003631491295781749,1.307165056449456,0.03815509185793162,0.5519506000870664,29,pmf
10.606629205778068,105.7123052622877,41.71850586996067,0.0059671028148117885,1.3253079709282352,0.05877889476989165,0.6403895133859848,30,pmf
10.543379098347016,101.58704163043791,31.878016518645687,0.003652739364403445,1.284068602834354,0.034905586916382535,0.5899669905992978,31,pmf
10.571471745729033,105.21768913673638,39.918560995665686,0.005171278919945573,1.3450971591293432,0.055471451667044834,0.760947836016678,32,pmf
10.632176796547679,101.60970050424007,31.486090266779353,0.004781946773593597,1.295636695741794,0.03544974080272608,0.6430376973775891,33,pmf
10.545794377802812,101.46028158294837,31.85965626992112,0.007250512298854446,1.3067724138122752,0.03905327071501938,0.7108735737108539,34,pmf
10.477601479188166,100.52126827366105,31.271942520554507,0.005035908952807876,1.27506044034192,0.029768835664371114,0.508789023008484,35,pmf
10.575156176377817,105.27184366367945,39.67459604289,0.006382780269589048,1.317988978579449,0.06066711539427426,0.6955101302863879,36,pmf
10.472587660607028,100.28632617461618,30.344887717704903,0.004704631410823886,1.284040663722222,0.02795091412315144,0.5284906744114736,37,pmf
10.48437725457858,106.59715025544357,42.47124264999041,0.005396024686908331,1.3373071461743393,0.06676561863802725,0.6343862865748182,38,pmf
10.612249198300853,100.63945404218188,32.48153501632032,0.005936658985348161,1.338445914993913,0.03206029449780948,0.6313748674185973,39,pmf
10.586479752172739,103.28944933582115,36.90367323742649,0.007853246827002301,1.3349504912906953,0.054325299458899225,0.7222083676486962,40,pmf
10.555345494165111,99.00226428206125,39.20073849859487,0.004150511707346082,1.3085685565451497,0.035764787275553635,0.5513298386011396,41,pmf
10.34367261905555,104.16319960928516,37.987088683594344,0.0045681176939238455,1.33317590529653,0.04667841475595147,0.702585701568615,42,pmf
10.508781817894278,102.57965704892246,35.89212678232249,0.00384296451957029,1.3086884293611802,0.037576930778661484,0.5616550983686103,43,pmf
10.473516556392354,100.45731357292739,28.372193553114897,0.003546210763511442,1.3397785699684917,0.029034603654198795,0.8883721715905323,44,pmf
10.490171198352291,103.39323532674719,36.511861543983265,0.004984184284214647,1.3028143290140521,0.04043424309650379,0.5323379621920837,45,pmf
10.550425764099712,99.46098014389287,25.744269189414965,0.004847966970616367,1.3291088737140042,0.029922913048531983,0.84746082783221,46,pmf
10.606830441849667,105.3963926350854,41.29377973457031,0.004777630131237107,1.2900795134397396,0.0557974060658453,0.510651887677856,47,pmf
10.618210322390434,105.2577285715196,38.66854887346375,0.007737712764431375,1.2529039932820005,0.06427107419407926,0.5451554606842404,48,pmf
10.62019273439966,112.36480404598184,53.09325720704994,0.010747816586138229,1.2896441510487415,0.11292951992032349,0.43555667326881037,49,pmf
10.70930043751574,101.33771378035887,30.44759141455047,0.006181583838293543,1.3349841137794576,0.04402226010193843,0.508491832113652,50,pmf
10.682237397940442,109.77092035043519,49.054701871713924,0.006824802804988077,1.3241798159670957,0.09392763135790988,0.6627257195360716,51,pmf
10.529760478478366,105.57215195949736,42.999180885032885,0.005637955714139268,1.2876635498201912,0.05697441845702567,0.46084570658693136,52,pmf
10.75459891751473,108.48547567381735,43.28072234319501,0.010056646770624981,1.298333336091228,0.09240030571018341,0.6966114497781433,53,pmf
10.65731775047533,107.20083876994981,42.143849901368434,0.005323305440132133,1.286728096118885,0.07225091787702938,0.5177568565105477,54,pmf
10.564752808666064,109.23817027680019,44.63057190494825,0.009438623436098591,1.2657564506785537,0.09861479157925958,0.4668459316366059,55,pmf
10.711478809365358,107.4922875908841,43.38955948943757,0.0066830736201064205,1.3090543167516417,0.0723999015956789,0.5758531286897265,56,pmf
10.514910753331804,101.24326955811459,30.11406288541201,0.00649168290630073,1.2860991832959026,0.03882703221169957,0.6058034822866663,57,pmf
10.630260619521154,103.76935408879693,39.76666149803255,0.005773048002485343,1.2773605916044448,0.052624930422783156,0.5316354021733983,58,pmf
10.509323487807286,98.72700756576674,27.852287363439558,0.006733070396523423,1.3236756925086501,0.030917033476257683,0.601475827988258,59,pmf
10.546424221545266,106.82974671613111,45.90838197087394,0.006228025592380243,1.3035977667722551,0.06598112945828237,0.4545965322034291,60,pmf
10.587754379871907,98.69046646504366,25.1215947941163,0.006013483139611584,1.3199125014783009,0.025770469409334334,0.7000139725424468,61,pmf
10.68576547021502,105.18007236830495,38.705624144048386,0.00727777626241328,1.3207419483676144,0.061508784949802595,0.6014487142100142,62,pmf
10.549925674492611,99.62606586742062,26.27430566759511,0.005255858621188962,1.2864751842072906,0.02729583991444097,0.645406877838471,63,pmf
10.564748894446762,107.79893863508913,45.1655505021623,0.004589508919040188,1.2897544386629123,0.0694442660715288,0.5108319107073935,64,pmf
10.533710070958824,101.17547587087084,30.597124219455054,0.005580010315931963,1.3210720079597875,0.04283772250359485,0.7085524110124335,65,pmf
10.59469439229836,110.82237304502885,50.116544688715244,0.007748655005925637,1.2725347162541132,0.08785074498713796,0.4576168441474862,66,pmf
10.514963515655104,101.25961460284002,31.59457157388961,0.006056671910889235,1.2854344705684777,0.0378795717411908,0.4352233484509405,67,pmf
10.799059812298418,106.88830604068929,42.69133975320258,0.010796291833402633,1.2808103706246963,0.09321107185566734,0.5946380668998879,68,pmf
10.785189863441257,103.40873060359925,40.38704063675196,0.007133095280374073,1.2911811117465868,0.08089472578733724,0.5019143521155983,69,pmf
10.68009694673853,102.06096599626024,35.17509041603097,0.010437468502211748,1.2703254171805296,0.053782689066352876,0.5061487244760486,70,pmf
10.43051837903678,98.92761131505348,24.586557908447553,0.007714499866260869,1.2569280570237567,0.02858588427442643,0.46776750438289383,71,pmf
10.089078711308295,39.473191900988,44.65890929228732,0.013325059421199392,1.356312648853022,0.004069762610905884,0.033824253419936244,72,pmf
10.268428479346039,83.07036506330434,40.42661218458624,0.009998367005881215,1.3312880616419767,0.01792069529937472,0.30261585178039335,73,pmf
10.635568999138387,98.33234604644984,24.639054599717934,0.008211000800921455,1.3475423961129032,0.031185520479515023,0.4874316806303524,74,pmf
10.263541005141215,67.54924630108162,54.37267983052481,0.02929657160177299,1.2808325961626486,0.030993732678850864,0.10350094789318477,75,pmf
10.383812734710267,70.22868098442771,105.83421512665961,0.07427621512637984,1.234506499651498,0.20208941551101975,0.12607941031013453,76,pmf
10.753106169924157,134.23688414134816,75.73814460515834,0.029591918016314386,1.2292587186975013,0.26936173155170423,0.21006141286685454,77,pmf
10.852331144918645,111.79197680397532,52.31239807473151,0.0110504611666744,1.2798154738972396,0.11149605501830046,0.49339168360985386,78,pmf
10.779680435424565,111.53272299657831,54.091116335655954,0.016190891162836504,1.269609840877052,0.10449235330422527,0.3478088334180406,79,pmf
10.606401511728485,109.43427280106911,48.35757570252376,0.013171211847395689,1.2516830484489099,0.09267602935377822,0.3215949668427097,80,pmf
10.624948223888413,104.3071977891002,52.003633593626795,0.020549985078751536,1.300353599323461,0.09372940272830574,0.39990052935603476,81,pmf
10.663078742536058,107.15864673635548,47.32284941648975,0.014184299770090045,1.244717734348316,0.0745961213757065,0.39490919064365354,82,pmf
10.556889754622231,101.35997501491721,33.34333786597632,0.011829112713407215,1.2317214965205183,0.03389131585780173,0.34487181811261564,83,pmf
10.818227686163189,109.57563888358615,45.475499747138656,0.012552916076614053,1.260878189876223,0.10482142607976504,0.5877437534088638,84,pmf
10.740208709573354,103.73445556778124,35.32323658678615,0.007225586298196999,1.2577220618140939,0.06430543141721161,0.4396390614935368,85,pmf
10.807737289387127,109.96487863895969,48.2282538903147,0.010862520280006352,1.236886689011776,0.10483509516248285,0.5134600271982801,86,pmf
10.851880815915377,104.75152932203302,48.40526346665205,0.010278337538180984,1.2758809790468877,0.09171686614452336,0.5264626870602032,87,pmf
10.652952101270637,104.06748038082088,37.644955093906475,0.0075513495781816126,1.2384302545734154,0.061248754821070645,0.4756328614246863,88,pmf
10.818946745886713,106.2405667086756,40.344154570780354,0.00724922766890097,1.251713978128862,0.08185898700867573,0.5530603488510223,89,pmf
12.86060179448127,152.99944432825166,47.73628582720045,0.003962270958012335,1.6235339023706779,0.10311049526898797,2.5461301517230757,0,psm
11.674870789464576,145.4531732946308,28.641339874582705,0.002808471409744006,1.655013689078939,0.031650796540492375,2.5644775880454564,1,psm
11.108058904006969,143.84453238359518,12.326159196073304,0.0026752899604338153,1.5969153313433815,0.00441714830616958,2.8381219688016737,2,psm
11.351872961508489,144.34287999022354,16.466554321287745,0.003660274896706352,1.4957072822676878,0.00992739395111626,2.2099911209013494,3,psm
10.863088569960604,145.63046797824532,22.956891271280902,0.0035891994678305793,1.4305051244221993,0.02165338541874685,2.1893255393008086,4,psm
11.321849359276607,152.29266354761623,39.52353976224794,0.005773504255779256,1.4694008090402604,0.06513052555339072,1.343718124528764,5,psm
11.068678398013814,147.63367805220568,27.901295517428284,0.005407349154552371,1.4411886290971014,0.031601452209759476,1.8752895899147357,6,psm
11.383872512327523,146.45917067194316,20.1966988103386,0.0023095747336794345,1.5277234039158498,0.013108485468118285,2.074073088748772,7,psm
12.01468290675414,145.85711011254418,20.530827763453054,0.0015356470670160002,1.6133268297920256,0.017695143262236875,5.090539510777408,8,psm
11.343953642071465,146.73609210390816,21.288234533782266,0.0017391858892646817,1.5328429734084204,0.013711584752163834,2.0986455147611225,9,psm
11.03320511870808,147.79400283122402,21.389911911513472,0.0020397482624489633,1.462529209437712,0.020096803412430187,2.4874812211278923,10,psm
10.999166119057866,148.93182068776463,20.064767009077045,0.001134774415757138,1.3958672266117977,0.017403173116553844,2.043130919734779,11,psm
11.210319284462948,149.5152266347304,16.443238739093857,0.0013259468524877364,1.4935224669856026,0.04469808071228612,2.0233767083898435,12,psm
10.946716857291634,148.14690627800974,10.662441139974444,0.0011139331264961156,1.5186151514519923,0.023586816990232858,1.7923423826663907,13,psm
11.119667258737847,149.2904627579462,16.11011751714295,0.0019126269264434456,1.5081446246108512,0.058101103744008065,2.3427930748625974,14,psm
11.032388287594443,148.75327920507223,18.100189742969828,0.0015452221490889655,1.4794050885922967,0.02380534493497611,1.5769297770402568,15,psm
10.971522785182454,150.21353241031017,14.703889493013602,0.0013537094689512132,1.4586794833271044,0.14571004370330104,2.302188120664649,16,psm
10.975817307996227,151.34828218577928,23.48044999110721,0.0015036599741407065,1.513682350649307,0.111746076169545,1.8347762220891577,17,psm
11.197034310510656,148.66177046414893,15.954831838398624,0.001093197695764185,1.4955940443319335,0.020893493648342077,1.9590036012699918,18,psm
11.087484656833881,151.8596495152068,26.87430205704449,0.0013230329446755477,1.4368560978557976,0.044673783369788944,1.5425511395803335,19,psm
11.277667704004884,147.82033152788242,15.902631440410515,0.0013433013636485493,1.6131853312360802,0.01192268278793752,3.2023821369322274,20,psm
10.855304201557864,153.85854483039301,31.98286587288536,0.0020288185761703674,1.5193012777622166,0.049338396664078736,1.1636014824644225,21,psm
11.610604296016524,146.73020050981884,17.963201219425226,0.0020346535999929494,1.700958944720089,0.008978950438747368,4.151766556352703,22,psm
10.486053968423358,155.66320594521477,36.879811694504106,0.003839352348580135,1.3843068751607939,0.08393387056485749,0.38508473630386797,23,psm
10.89552822007573,148.70785515317783,14.093797196165983,0.0024102416074489653,1.49217123284393,0.07713024961208717,1.8267997575035753,24,psm
10.493093875726949,152.954530984757,32.720043058232974,0.0047462203612248614,1.4309250850293977,0.06953440826167144,0.3731911549612334,25,psm
10.619792429368767,150.82046587039824,22.11637171738068,0.0044860853077831634,1.4081840624531972,0.11436125313772004,1.0070044538637086,26,psm
10.448054795454357,154.03407453987919,30.513397439279032,0.004186124886880742,1.4054002911682342,0.22765453358994703,0.534940771902132,27,psm
10.567530950004848,151.88732372622954,21.207695015713558,0.002380794488889278,1.4054630038635014,0.2123530942464754,1.3208595500458518,28,psm
10.523391135377059,153.3817936452709,25.579365250894547,0.0031824284506189603,1.3924312760983186,0.31791658627203195,0.5805792526734423,29,psm
10.447324886632307,154.09486819652923,29.23398415883221,0.0038520255193013626,1.3814208144526683,0.23528772071289497,0.9635060013066681,30,psm
10.292318300991006,152.04623876683388,21.44073201278634,0.003158652742791883,1.2798389900833076,0.4307201122551404,0.48465181357688597,31,psm
10.435277053196275,156.87165611514646,34.28374723198022,0.0047706638957720655,1.4795648485445432,0.5982867165619143,0.5664520554241178,32,psm
10.435406042565765,153.69686350817392,25.970323076927073,0.003911648170501769,1.4872245155872819,0.34965856250575017,0.5433721182747129,33,psm
10.52141962787072,156.509112444428,32.200377399019274,0.002636571565002938,1.4339602875736939,0.44599240303792426,0.6743011373758323,34,psm
10.253809174542859,152.66294783362133,20.071574335371576,0.003598318917905633,1.2706032969393863,0.5743014931332704,0.3396768868968622,35,psm
10.371676237706252,159.4361478107504,39.69580397830394,0.006291450269379376,1.3115224849730034,0.5851233426946483,0.41829911067665887,36,psm
10.275575029780487,154.9210482161475,24.871274876072246,0.0025384491088209127,1.2993752962413623,0.6581496398395792,0.500174636542544,37,psm
10.330918996366078,167.12833024518662,49.61251610139212,0.004560999360928814,1.2751922378392648,0.5007464560301286,0.3187022739249893,38,psm
10.322540910394991,154.28240289646382,21.95797677013497,0.0022286576076684223,1.2818721128285473,0.5931318957085743,0.5344577596401422,39,psm
10.368974561184453,153.12014274318722,18.7596558627158,0.0019854021694824847,1.3734736838127635,0.7444195698445348,0.888607396414633,40,psm
10.884305527276888,148.55288941158844,21.994863738374402,0.0034908241079535584,1.5051334734217388,0.02975723301181448,1.5111122976211369,41,psm
10.717036662241302,153.1731124172535,26.732631137587536,0.001912228651864097,1.4991073557722283,0.17543089334197698,1.154245940666962,42,psm
10.722241658720598,151.27512262654236,23.159127379963035,0.007889927162625852,1.4785903096122255,0.10161337994965006,1.4642628505106878,43,psm
10.594889150345878,153.02148168194026,21.476655242186208,0.0013807875987150865,1.4165663880512356,0.3291623246040148,1.1263562722759755,44,psm
11.117666723801358,151.54922796229212,15.173515993328927,0.0015288438709109568,1.5234370843294998,0.3469795739234814,2.3001792771093035,45,psm
11.033366278907376,149.92553774423914,16.869392726386188,0.0008882443841246332,1.600059852883078,0.057952514825569415,2.160776916215004,46,psm
11.346073508398236,155.08702314738008,24.493131874937713,0.0011826947687726384,1.526255792865822,0.7017992214453584,2.3662019280723894,47,psm
11.58050527721755,153.21816528655836,21.755531427350203,0.0026565079938133842,1.528848556769409,0.46050551807497664,2.729644187871971,48,psm
11.386989589901784,156.80028524563485,30.170064997381917,0.0009960569138839543,1.4876411232714173,0.4620731125144779,1.952380269581324,49,psm
10.816761074738993,151.53419456014714,23.25480295904632,0.002229344803532086,1.4486208962608988,0.08198176489654584,1.8200835427916386,50,psm
10.936634098152542,150.06957865318938,13.301085089148243,0.0010795320774157281,1.642736494659005,0.13596042923055163,2.5504357002332223,51,psm
15.127732316704098,218.87053851873227,91.1105485474034,0.012587267922445555,1.8321236601050492,0.5456493303240397,1.394406050019485,52,psm
13.178761396084674,127.31747869495186,59.97608789187562,0.01531725145021326,2.172395325835287,0.03181021641167255,2.617601245547535,53,psm
11.980152408117858,160.56590212521144,58.56478193561232,0.0213898955052182,1.4444777094082228,0.137865220087987,1.2731556636396473,54,psm
11.9836326037717,152.45632574220065,39.00007838539878,0.00539446450522985,1.736169433894859,0.06630255671286275,3.215913420995119,55,psm
12.979291395400445,145.4490396610226,32.00237810935692,0.0015823695011047427,1.9777836771703914,0.052789506950678335,8.476606067840507,56,psm
12.174526105073838,145.444573026663,21.368515970067502,0.0020258751744831444,1.7221985841070488,0.019514500842939514,6.091158310051073,57,psm
12.445726352275111,145.65363320108636,22.43684807933825,0.0029205605878894307,1.9149109401607085,0.015607392928700779,7.165302252860204,58,psm
11.166953885200702,147.49375597414115,14.457485341485421,0.0006756401703894583,1.6418229899700791,0.008590309266231146,4.275113219484355,59,psm
11.527681911463558,144.848456214958,15.395901160156482,0.0016834801893952996,1.686711239979922,0.009431067889812197,5.633547553624093,60,psm
11.570656926565874,151.4569140822407,27.156317573216413,0.0013486358000581915,1.6852471152454618,0.0356253714282846,5.03307313748983,61,psm
10.994994614581291,147.22352226440051,19.99767051051442,0.0020955267784242278,1.5712193930998821,0.014383591811918813,2.5851343792650088,62,psm
11.31266121791553,146.95507660472757,14.959882843015116,0.001027648167905736,1.6031673143060847,0.00947291410319839,4.462426001461455,63,psm
11.25475501775796,151.27589354813026,19.533201308025475,0.0007900281478380542,1.6134337434600043,0.10840173897106027,4.064884857926518,64,psm
10.842575456448175,150.37028533127204,23.07202240934758,0.0018315188259143784,1.5249240825850285,0.029892156272213043,2.2542605705793664,65,psm
10.840815686728051,150.1016783434694,15.394294872872099,0.0010592093419712159,1.525720567131822,0.13689698886172758,2.3358376325332526,66,psm
10.998645967304585,153.6830505235411,24.099244484386407,0.0010209264790974103,1.5340593080016782,0.4568566605293962,2.479294139621028,67,psm
10.826823403683433,150.9041934924718,21.2768172768493,0.0023363473946537345,1.5272088367733718,0.09289515054981812,2.3093378404083764,68,psm
10.869503195854797,152.18246654648746,16.250534044492376,0.0012674250192354303,1.5635417661852455,0.4336602157582278,2.4497132165415816,69,psm
10.796404585302456,154.3762861474682,24.972300378954053,0.0008950828823845606,1.4487371513315606,0.35084177256643123,2.1638962077611428,70,psm
10.90433752936238,151.65720923987462,18.018348214621543,0.001923907977403611,1.5223600280655118,0.34408108352748,2.389528777154274,71,psm
11.17679404458841,150.86158287907844,20.883761883589237,0.005360024943094162,1.8033643175884138,0.49281818763198376,3.4015385082945815,72,psm
11.677426799417693,153.69129162709166,18.727500672918687,0.0015991642983192666,1.699667289445948,0.6481837197196333,5.45846947393681,73,psm
11.540180078140034,160.42381584329715,38.361340948082514,0.0009108172545026876,1.7623645144423643,0.5382484780230439,4.315045178400062,74,psm
11.423340095829426,159.0094413553056,35.04313713913358,0.001495021254690255,1.7034401160303372,0.558436983562423,4.639506825958455,75,psm
11.232476994028719,168.01967507840197,48.85325940556121,0.0025133668945852014,1.7151173257931502,0.673778935148741,3.2967309191829277,76,psm
11.148494711251118,162.20479474093761,40.229900645185246,0.0009123577902186892,1.660334621011668,0.7094509458821431,3.700820171945873,77,psm
11.019459941149007,162.69899820168627,39.17718525461517,0.0014260053367737484,1.5139289186288636,0.7829788105189746,3.7324995227669966,78,psm
11.453671620423894,170.53297137513826,51.25093914351196,0.00285393036743655,1.770137009778473,0.6839990070035836,3.8836790321813037,79,psm
10.991261335753716,160.60026015594227,36.92149223224396,0.0012114717328606563,1.736212247120266,0.733977262204028,3.4888649674347487,80,psm
11.123280089949047,167.05403795656798,47.396386810058075,0.002103934295444804,1.5199701280725464,0.7725623640464819,3.0522072846181323,81,psm
11.273712313096366,167.93757815873283,47.61173168577358,0.0022952686089674746,1.7391117686646498,0.8312722147508447,3.2974978544929665,82,psm
11.0266748990985,158.50489763135965,31.69618292045824,0.0017020509858641545,1.6517285918831126,0.765972361186313,3.7471761293370647,83,psm
11.47236347303752,161.73976815216758,39.602332610961696,0.0012705878688102146,1.538566148249,0.6502645732710965,4.693197876762592,84,psm
11.560900608576722,168.54786880217085,49.5170309954187,0.002394364979714872,1.7417534132994412,0.6704727970263209,4.17976325640158,85,psm
10.835201441434155,161.524718309688,36.6775425197612,0.0023612895897803994,1.6252918022933402,0.8662712803305546,2.3746168982899762,86,psm
11.6475972684146,162.83588902854777,41.74370616291924,0.0018614540051589792,1.6587092651592115,0.6844289811077786,4.341528499787329,87,psm
11.180923337646503,168.73051776652977,48.7549125476921,0.0015755962762078,1.7421924413404715,0.8277365798234932,3.043783411508902,88,psm
10.867555057620434,158.4659763773231,37.81187564315364,0.005014501485596065,1.4409052998397875,0.4620114105852247,1.5577739504601955,89,psm
11.396454487943611,159.9649258975742,35.44604716837563,0.0023079280452689673,1.4584952866886105,0.5932040938337004,2.533945668050929,90,psm
11.080142039402947,157.9384796551667,29.752137799844363,0.0018261008147134055,1.4800704656282242,0.7803360180076548,2.6178510382005027,91,psm
10.873026351196435,169.23577756057094,50.61076302957215,0.002682345633870418,1.5536802359078774,0.8863885458394377,1.6753261924443192,92,psm
10.753430322481142,172.53658472778514,56.93192832389713,0.004236835452967542,1.4465321753603781,0.8821563312687548,0.7177586688998856,93,psm
10.4140254657346,161.1072828382731,33.34797884519713,0.0019415833422254838,1.4303382321603733,0.9387613072575851,1.0448582306408274,94,psm
10.281510304858436,174.8430351362244,52.93333501385582,0.002338664147661417,1.3924208099546727,0.9904105275096908,0.752889019841293,95,psm
10.76023280259658,162.5083845353831,37.00429628486408,0.003499319121674262,1.5896638163408967,0.960042806516522,1.166775543876581,96,psm
11.010367785283059,159.19389505767856,29.15138245859105,0.0012972155806765737,1.5404911429875334,0.9424490362641958,2.5761161296078487,97,psm
10.78354715175061,166.40777346235527,43.951929453301645,0.0014075916509301372,1.6004450711740443,0.8673082858701073,1.9543439378725824,98,psm
10.361643037144656,158.65626717438332,31.619600951001843,0.00552740287223012,1.3684847709285775,0.9749546720220406,0.5225552983576096,99,psm
11.097453389647772,152.4688646317669,21.709841574689733,0.002582411706054834,1.539630151957016,0.21948602670150047,3.3826901614817055,100,psm
10.710710034706123,156.76095878998635,25.835743426256872,0.001431727352045858,1.6258314879480105,0.7748598105796259,2.1509057603033677,101,psm
10.805712340879202,161.6711677768293,30.968807519839544,0.0009829256385023378,1.5127919629526263,0.9968611155896651,2.304449483057203,102,psm
10.92221921673163,161.92176785714784,32.96289364970637,0.001559187439736921,1.62828452575996,0.9885715555587886,1.9769419839548827,103,psm
10.238247924287483,167.46015098809406,43.59761171184873,0.005227688666522978,1.3717930374949754,0.9903570988669161,0.2969780920850234,104,psm
10.804157147755753,162.3888125502819,32.11424255987422,0.0023360314611408275,1.4922514739624304,0.9938410793701584,1.796181097238026,105,psm
10.995020982639947,160.39266225251694,34.01963059791295,0.003969605749032808,1.627588518394083,0.8269052216334836,2.3242818874181355,106,psm
10.487248386677004,156.80529755282222,22.130078925398873,0.0016431335407140174,1.4074453613005236,0.9296009623203628,1.400155993811487,107,psm
10.325148585561585,168.27678578732684,47.53597442035451,0.010027898897357767,1.280073715787417,0.985108918653004,0.3222977296875854,108,psm
10.510271007844084,168.8498291386762,44.13426189789177,0.002324968731018238,1.4620623037820197,0.9967296778134415,1.129473497911182,109,psm
10.265382931078788,161.9381698490682,36.18520667031674,0.006320838900909397,1.4278366074462825,0.9889639786104448,0.31295115410539087,110,psm
10.492403532205836,164.84548280488383,44.5835559475705,0.010167315725586126,1.4227416047740054,0.9334281896171286,0.7046294549214149,111,psm
10.586792190244585,167.1084955042994,42.814902954179516,0.0023413029388154364,1.40993292694372,0.9822801787852463,1.1276812943906118,112,psm
10.283490148261292,183.9241747174676,74.71945865639854,0.009879017361712435,1.2832877073586855,0.9537542141955185,0.1988957265587667,113,psm
10.479960725871194,156.14618433708415,44.60825600569427,0.011926427540852559,1.3420704025886425,0.9033965852578625,0.6192777584104332,114,psm
10.376342669736559,156.0868531734979,20.757380454367272,0.0018082846639127488,1.2733784427229424,0.9872697469353767,0.5067701443500641,115,psm
10.662540517715104,155.42197742978448,21.141719898923263,0.0033035199802081156,1.383263728929229,0.9770158628000383,1.158865814182774,116,psm
10.543523632740515,155.9829413668627,23.480110350536886,0.0026962090563311908,1.332703195103024,0.9817882292818564,0.5728812483836255,117,psm
10.671019139146356,157.29331473629543,25.17731996492769,0.0019146563748062436,1.374399330875878,0.9882863842444947,0.9620437291938232,118,psm
10.385327378518364,154.67816989648563,28.207582977068814,0.0025894031439831627,1.2909192625567814,0.9720330428070285,0.43065209401272836,119,psm
10.50147408239803,156.0619620744168,20.007285110453775,0.0016556955002691972,1.363903402543887,0.979502935155553,1.0208645403630834,120,psm
10.39389064919214,155.49222288513351,20.877757007003012,0.0015457671861014886,1.3006641601369267,0.9837998780466635,0.5600703334526459,121,psm
10.454981148342862,156.79709617477263,25.882830196101665,0.003618396504947646,1.3166738201982173,0.9807882152860454,0.7976753474461127,122,psm
10.314695085005622,156.8913038434742,22.515351634060256,0.002808793556297183,1.2667377850774393,0.9855409711271975,0.33698827729119984,123,psm
10.334617766854555,160.0441914172118,29.795310965890117,0.002886318549100086,1.3954602592112393,0.9875368493879548,0.5137884991527002,124,psm
10.475826938029677,158.02450990759675,20.90873794164512,0.0017474331773687478,1.3465272330960814,0.9940043466775306,0.6655422281400226,125,psm
35.66266315750649,3.544094377822795,2.393020549840655,3.017413992937055e-05,1.3066751804874306,5.476956989275791e-06,6.985467517391856,0,walking
35.723116899435496,3.98089041626382,1.9711262979626796,2.7058662326529922e-05,1.642747965469609,3.847410427159305e-06,32.62296749958856,1,walking
37.147996176781575,3.9669836354882384,3.7859560085216093,0.00010702675918703983,1.3563374156484953,1.7837230014513816e-05,3.1441897298158317,2,walking
48.55631211188004,4.619357144089768,3.5641032782528943,0.00017551497935650785,1.511496608144706,4.3708637321714834e-05,11.694522066036196,3,walking
40.98977946370761,3.3048122598675054,2.4986006567584043,4.2641952831741514e-05,1.6286892583198642,9.370463680273322e-06,15.18750295079707,4,walking
41.71363857577971,4.702145396601063,3.2389885092577217,7.709165324396674e-05,1.2350116870504921,1.3377252850543821e-05,2.338863076855335,5,walking
39.77338025240374,2.963473562289128,2.3234197975995055,2.449341953925928e-05,1.7627414003275577,5.517944302555094e-06,24.404136364924305,6,walking
44.9803729914926,3.699736593827563,3.6104421831753912,0.0001530604576957438,1.3714560889596443,2.7575485539323776e-05,9.396663340823169,7,walking
44.65910408301296,4.361058115258545,2.807296374941378,7.448961000943809e-05,1.8323052984011652,1.1225172966168276e-05,69.8382203680125,8,walking
45.0862696079798,3.67858604290635,4.273127398476743,0.00015385795950578356,1.3299853299563693,2.5716759385296272e-05,4.171791328337872,9,walking
58.21064433509617,4.51504379481086,2.5841948085865436,4.400693963636992e-05,1.7142393015915438,9.692252910447874e-06,35.83852882271424,10,walking
37.41558475589734,2.9922279935369707,1.9802319872563148,2.2976588065692142e-05,1.769947567445709,4.192930711707263e-06,10.11374939205922,11,walking
62.483425248100815,4.459208840049492,4.92284968868347,6.74047809012366e-05,1.7401393489915395,6.043637322528292e-06,44.114384799033004,12,walking
67.32258042169883,4.638619940016387,4.347135666647281,0.00011184368809040545,1.6037946182456244,1.173655017433609e-05,40.22745946831249,13,walking
65.72719262575251,4.850994787525093,5.402933245996498,0.00015886284952832834,1.694879906897245,3.37654341946246e-05,30.6907271692312,14,walking
43.37960056865439,2.848198031641192,1.9104793232870358,2.478274767991559e-05,2.3736055959501767,4.357370071308977e-06,16.73733052651267,15,walking
62.277822610832935,3.212986471828313,2.406795783535189,1.984180543921104e-05,1.6969843890201566,3.1349914901452144e-06,42.851486640664845,16,walking
56.62931088795269,3.8311211009902895,2.8048542611668603,3.4419522607874975e-05,1.4403938079058376,3.7560167727977504e-06,25.72886133467394,17,walking
58.47233150981899,5.5111515777747755,4.849049445073062,0.0002132558362946553,1.494988524905313,2.8497642406096988e-05,30.20074409052681,18,walking
52.174058153974094,4.760924947437134,4.96379652991025,0.00030349689805068286,1.5408365689355188,4.2135233616846465e-05,8.5769317603225,19,walking
52.71856160273033,5.40145098734033,3.7876631706820945,0.00010866022861654604,1.4969928885129957,1.3872194149081229e-05,15.712634756222837,20,walking
48.88527745792652,5.291405716340496,2.9810564309642524,7.280794633377681e-05,1.6203195722926338,9.722802549273815e-06,32.402604096954704,21,walking
51.08786739794968,4.417464791788866,2.9325887091667804,3.203047481858676e-05,1.5303861275343618,4.488689648564357e-06,34.39270907373655,22,walking
55.62418349907244,3.828661875406495,2.9870778250162027,7.355961517329753e-05,1.6664114198326552,1.3477931077929382e-05,38.61635604286533,23,walking
51.62529088224487,7.1241297806383965,4.632080769547436,0.00012471255994852314,1.5492224311565177,1.283202144423461e-05,22.253656550276254,24,walking
56.794147339075664,5.337745690985867,5.106293134783141,0.0002724103233847914,1.637492833638267,4.374836636015763e-05,9.791844349758268,25,walking
54.81564948013283,5.020469293306375,4.4321431248916685,8.582002640360241e-05,1.641576351143891,1.1156071164806098e-05,19.912621799676096,26,walking
64.78081093995037,5.582171445620264,4.757302416464525,0.00021500206136241856,1.6239334108823016,3.2386095199401494e-05,59.6480491103508,27,walking
61.95536568436811,5.165546122758006,6.12408054850009,0.0002926023067353236,1.789019396669677,3.021873139655379e-05,44.27100686070316,28,walking
53.864331921406745,6.067808805391859,5.411210104026244,0.0001707578896450599,1.6477755956135776,1.78312604003e-05,27.86665207664592,29,walking
49.379323170793256,4.899837994681899,3.6015368719653242,0.00019345228598937586,1.4711747103433979,4.3225986087990126e-05,29.419949449166637,30,walking
59.517578116791135,6.349440169631541,4.878675160780239,0.00027445445002847503,1.5820871670119032,4.1932966786389725e-05,18.57798185527503,31,walking
66.62239833734012,5.796821469843892,4.801710446743489,0.00026114490425213914,1.5854544188423414,4.039733912375028e-05,32.84470320785706,32,walking
37.81718858463255,3.578357412808719,2.917872578225922,3.180729683294949e-05,1.8822252035269509,4.508454432278307e-06,31.745583755810088,33,walking
14.915197157506926,4.324966076744451,4.108522014028946,0.0002266587475245028,1.8397616407268138,3.986568026614061e-05,2.6554719576082215,34,walking
